{
  "project_info": {
    "project_number": "673635501066",
    "firebase_url": "https://fir-396a8.firebaseio.com",
    "project_id": "fir-396a8",
    "storage_bucket": "fir-396a8.appspot.com"
  },
  "client": [
    {
      "client_info": {
        "mobilesdk_app_id": "1:673635501066:android:e3738caa8d384c79",
        "android_client_info": {
          "package_name": "com.vijaya.firebase"
        }
      },
      "oauth_client": [
        {
          "client_id": "673635501066-kmhstt5c4nicg80p02pjlm7a2rp2qhf6.apps.googleusercontent.com",
          "client_type": 3
        }
      ],
      "api_key": [
        {
          "current_key": "AIzaSyAy3BHr75WwLObqj1NSRIKKNyWnJl10cjM"
        }
      ],
      "services": {
        "appinvite_service": {
          "other_platform_oauth_client": [
            {
              "client_id": "673635501066-kmhstt5c4nicg80p02pjlm7a2rp2qhf6.apps.googleusercontent.com",
              "client_type": 3
            }
          ]
        }
      }
    }
  ],
  "configuration_version": "1"
}